filename,data,main_title
20210312ComputersEnvironmentandUrbanSystems审稿意见与回复.md,20210312,ComputersEnvironmentandUrbanSystems审稿意见与回复
20210317一种从文本语义信息中抽取地理属性的社会感知新方法.md,20210317,一种从文本语义信息中抽取地理属性的社会感知新方法
20210415基于多源传感器的城市人居环境与居民健康感知中国武汉的案例研究.md,20210415,基于多源传感器的城市人居环境与居民健康感知中国武汉的案例研究
20210416BuildingandEnvironment论文下载链接更新.md,20210416,BuildingandEnvironment论文下载链接更新
20210523星湖咖啡屋第28期张岩功不唐捐一个中等生的科研体验.md,20210523,星湖咖啡屋第28期张岩功不唐捐一个中等生的科研体验
20211009基于社会感知的城市洪涝位置提取与语义计算.md,20211009,基于社会感知的城市洪涝位置提取与语义计算
20211011帮推时空预测综述方法不确定性可预测性及未来方向.md,20211011,帮推时空预测综述方法不确定性可预测性及未来方向
20220421地理标记数据街景介绍与分享.md,20220421,地理标记数据街景介绍与分享
20220520中国90个城市屋顶矢量SHP数据分享BuildingFoot.md,20220520,中国90个城市屋顶矢量SHP数据分享BuildingFoot
20220523粉丝福利深圳2018年刷卡通1337万条数据.md,20220523,粉丝福利深圳2018年刷卡通1337万条数据
20220614City2vec一种学习人口迁徙网络知识的新方法.md,20220614,City2vec一种学习人口迁徙网络知识的新方法
20220624中国土地利用类型城市功能数据集.md,20220624,中国土地利用类型城市功能数据集
20220624烽火杯武汉城市圈开放数据大赛获奖作品.md,20220624,烽火杯武汉城市圈开放数据大赛获奖作品
20220704OSM中国大陆数据集下载.md,20220704,OSM中国大陆数据集下载
20220715全球逐三小时4万个站点中国大陆1300个气象风速气温降雨数据获取教程.md,20220715,全球逐三小时4万个站点中国大陆1300个气象风速气温降雨数据获取教程
20220730在个人PC上快速渲染一亿个坐标以北京市为例附2022年全船舶AIS位置数据.md,20220730,在个人PC上快速渲染一亿个坐标以北京市为例附2022年全船舶AIS位置数据
20220812城市AOI数据获取教程amp数据分享.md,20220812,城市AOI数据获取教程amp数据分享
20220817北京市含地理坐标的微博数据分享amp数据获取方法与科学研究问题.md,20220817,北京市含地理坐标的微博数据分享amp数据获取方法与科学研究问题
20220904全球超千万社交媒体签到数据集中国880万.md,20220904,全球超千万社交媒体签到数据集中国880万
20220906基于多模态预训练模型的城市场景感知方法.md,20220906,基于多模态预训练模型的城市场景感知方法
20220919中国的经济人口重心在哪个城市.md,20220919,中国的经济人口重心在哪个城市
20221009城市微博签到数据分享amp地址解码与纠偏教程.md,20221009,城市微博签到数据分享amp地址解码与纠偏教程
20221016碳交易能否减少空间不平等对中国200个城市的空间分析.md,20221016,碳交易能否减少空间不平等对中国200个城市的空间分析
20221101国外的天地图长啥样数据怎么拿到以新加坡为例.md,20221101,国外的天地图长啥样数据怎么拿到以新加坡为例
20221101国家奖学金从入门到精通VLOG博主出镜.md,20221101,国家奖学金从入门到精通VLOG博主出镜
20221111感知物理先验的机器学习及其在地理空间智能中的研究前景.md,20221111,感知物理先验的机器学习及其在地理空间智能中的研究前景
20221112斯坦福全球高被引科学家及测绘遥感领域解读.md,20221112,斯坦福全球高被引科学家及测绘遥感领域解读
20221127基于街景和卫星影像来观察此次火灾事故.md,20221127,基于街景和卫星影像来观察此次火灾事故
20221129基于206亿栋建筑历史来感知城市年轮含数据.md,20221129,基于206亿栋建筑历史来感知城市年轮含数据
20221129湖前觅渡山上指灯我的一点碎碎念.md,20221129,湖前觅渡山上指灯我的一点碎碎念
20221206地理知识图谱amp对地观测主题期刊SpecialIssue推荐.md,20221206,地理知识图谱amp对地观测主题期刊SpecialIssue推荐
20221207最近大火的ChatGPT是啥AI会使我们失业么.md,20221207,最近大火的ChatGPT是啥AI会使我们失业么
20221212中国哪个城市在发烧基于社交媒体的疫情扩散分析.md,20221212,中国哪个城市在发烧基于社交媒体的疫情扩散分析
20221219GISerlast软件制图与数据总结.md,20221219,GISerlast软件制图与数据总结
20221219人工智能与世界杯大数据如何改变足球.md,20221219,人工智能与世界杯大数据如何改变足球
20221222600万全国工商注册地理数据.md,20221222,600万全国工商注册地理数据
20221223用空间并置模式实现高成本广告选址.md,20221223,用空间并置模式实现高成本广告选址
20221230病毒多久可以吞噬一个城市基于社交媒体的疫情扩散分析.md,20221230,病毒多久可以吞噬一个城市基于社交媒体的疫情扩散分析
202301012022年度总结2023年度展望amp这里是中国抽奖.md,20230101,2022年度总结2023年度展望amp这里是中国抽奖
20230116StepbyStep城市街景图片的语义分割教程.md,20230116,StepbyStep城市街景图片的语义分割教程
20230202人机融合智能与数字孪生城市研究现状与发展趋势.md,20230202,人机融合智能与数字孪生城市研究现状与发展趋势
20230206中国睡眠地图哪个城市的年轻人更能熬夜春节期间的城市律动感知.md,20230206,中国睡眠地图哪个城市的年轻人更能熬夜春节期间的城市律动感知
20230207对话人工智能AI如何看待GISer提出的问题.md,20230207,对话人工智能AI如何看待GISer提出的问题
20230208摘要征集City2023Perth城市研究国际青年学者会议.md,20230208,摘要征集City2023Perth城市研究国际青年学者会议
20230219五行代码教你本地调用最强的人工智能生成AIGC模型.md,20230219,五行代码教你本地调用最强的人工智能生成AIGC模型
20230226质疑与争辩记录顶刊学者的一些抬杠瞬间.md,20230226,质疑与争辩记录顶刊学者的一些抬杠瞬间
20230312城市字幕教你如何利用图像跨模态推理空间知识.md,20230312,城市字幕教你如何利用图像跨模态推理空间知识
20230323迈向以人为本的数字孪生利用计算机视觉和图模型预测户外舒适度.md,20230323,迈向以人为本的数字孪生利用计算机视觉和图模型预测户外舒适度
20230405毕业特辑我们能从武汉大学16万本硕博论文中总结出哪些规律.md,20230405,毕业特辑我们能从武汉大学16万本硕博论文中总结出哪些规律
20230413链家全国新房数据.md,20230413,链家全国新房数据
20230421如何撰写高质量的研究文章并避免DeskReject.md,20230421,如何撰写高质量的研究文章并避免DeskReject
20230429五一假期特种兵生存地图.md,20230429,五一假期特种兵生存地图
20230501基于Python构建聊天机器人帮你打卡附代码教程.md,20230501,基于Python构建聊天机器人帮你打卡附代码教程
20230520揭秘我国城市间网络寻爱差异哪里的年轻人更容易在社交媒体上找到线下对象.md,20230520,揭秘我国城市间网络寻爱差异哪里的年轻人更容易在社交媒体上找到线下对象
20230525地理空间人工智能的基础模型期刊SpecialIssue推荐.md,20230525,地理空间人工智能的基础模型期刊SpecialIssue推荐
20230608超越表面高考热度与高考考生分布背后的隐秘规律.md,20230608,超越表面高考热度与高考考生分布背后的隐秘规律
20230616专题征稿OSMScience2023会议文章征稿启事.md,20230616,专题征稿OSMScience2023会议文章征稿启事
20230616全国二手房数据Web端amp移动端爬虫采集教程.md,20230616,全国二手房数据Web端amp移动端爬虫采集教程
20230623城市拥堵与毕业季使用导航API计算最佳出行时刻.md,20230623,城市拥堵与毕业季使用导航API计算最佳出行时刻
20230627城市视觉智能揭示城市隐藏轮廓.md,20230627,城市视觉智能揭示城市隐藏轮廓
20230630知识与拓扑基于时间序列街景图像识别城市功能的双重空间依赖图神经网络.md,20230630,知识与拓扑基于时间序列街景图像识别城市功能的双重空间依赖图神经网络
20230729测绘遥感学科是否属于天坑专业.md,20230729,测绘遥感学科是否属于天坑专业
20230803杜苏芮引发城市洪涝的时空再观察.md,20230803,杜苏芮引发城市洪涝的时空再观察
2023080498处国家蓄滞洪区都在哪里.md,20230804,98处国家蓄滞洪区都在哪里
20230822ICUI2023初体验学术会议的正确打开方式.md,20230822,ICUI2023初体验学术会议的正确打开方式
20230925在读研究生一个月能拿多少钱哪里的导师评分高.md,20230925,在读研究生一个月能拿多少钱哪里的导师评分高
20231003一种基于街景图像从建筑环境特征推断社会经济环境的序列到序列方法.md,20231003,一种基于街景图像从建筑环境特征推断社会经济环境的序列到序列方法
20231003是高还是低使用机器学习和街景图像探索视觉特征下的校园空间注意力恢复效果.md,20231003,是高还是低使用机器学习和街景图像探索视觉特征下的校园空间注意力恢复效果
20231005应用于城市分析的空间显式的可解释性人工智能.md,20231005,应用于城市分析的空间显式的可解释性人工智能
20231011IJGIS专刊征稿GeoHealthDataScience.md,20231011,IJGIS专刊征稿GeoHealthDataScience
20231018城市绿地可达性及其计算方法.md,20231018,城市绿地可达性及其计算方法
20231101从街景图像中分析安全感知的性别差异.md,20231101,从街景图像中分析安全感知的性别差异
20231122房价真的降了么.md,20231122,房价真的降了么
20231126数字孪生赋能数智基础设施.md,20231126,数字孪生赋能数智基础设施
20231202二十届研究生数学建模竞赛经验.md,20231202,二十届研究生数学建模竞赛经验
20231202初学者如何选择竞赛与论文.md,20231202,初学者如何选择竞赛与论文
20231202文献计量助力综述写作.md,20231202,文献计量助力综述写作
20231202遥感值得成为热门.md,20231202,遥感值得成为热门
20231203超越微博小红书数据采集数据代码和思路.md,20231203,超越微博小红书数据采集数据代码和思路
20231215标准地图国内外对比区划数据获取方法.md,20231215,标准地图国内外对比区划数据获取方法
202401042024年度展望无用之用amp公众号的朋友们.md,20240104,2024年度展望无用之用amp公众号的朋友们
20240104带审图号标准地图制作如何设置中国地图的标准投影.md,20240104,带审图号标准地图制作如何设置中国地图的标准投影
20240120哪个城市是中央眼中的心头爱基于新闻联播文本的大数据分析.md,20240120,哪个城市是中央眼中的心头爱基于新闻联播文本的大数据分析
20240126中国人口贩卖数据爬取教程与分析报告.md,20240126,中国人口贩卖数据爬取教程与分析报告
20240201深度感知一切自港大amp抖音的DepthAnythig.md,20240201,深度感知一切自港大amp抖音的DepthAnythig
20240218第一届亚洲地图学会议AsiaCarto2024一号通知.md,20240218,第一届亚洲地图学会议AsiaCarto2024一号通知
20240229微博签到数据的获取思路与实战.md,20240229,微博签到数据的获取思路与实战
20240309考虑道路风险和道路行人需求的溃坝洪水灾害下的行人疏散规划.md,20240309,考虑道路风险和道路行人需求的溃坝洪水灾害下的行人疏散规划
20240315GISChat茶话会第五期前沿研究分享下周六晚.md,20240315,GISChat茶话会第五期前沿研究分享下周六晚
20240316分析700份代表提案看看两会大家关心什么.md,20240316,分析700份代表提案看看两会大家关心什么
20240326GISChat茶话会第五期回顾前沿研究分享.md,20240326,GISChat茶话会第五期回顾前沿研究分享
20240327IEEEJSTARS街景影像与地理人工智能专刊征稿.md,20240327,IEEEJSTARS街景影像与地理人工智能专刊征稿
20240418论文分享超过十万条微博数据揭示小区环境如何影响居民在COVID封控期间的情绪.md,20240418,论文分享超过十万条微博数据揭示小区环境如何影响居民在COVID封控期间的情绪
20240422人本视角出发的GeoAI模型研究以及其在城市地理问题中得应用.md,20240422,人本视角出发的GeoAI模型研究以及其在城市地理问题中得应用
20240424人本视角出发的GeoAI模型研究以及其在城市地理问题中的应用视频总结版.md,20240424,人本视角出发的GeoAI模型研究以及其在城市地理问题中的应用视频总结版
20240424碳通量核算工厂碳排放及海洋碳吸收视频总结版.md,20240424,碳通量核算工厂碳排放及海洋碳吸收视频总结版
20240424茶话会的故事.md,20240424,茶话会的故事
20240504基于树莓派打造你的个人感知终端.md,20240504,基于树莓派打造你的个人感知终端
20240517茶话会第7期分享本周末2000.md,20240517,茶话会第7期分享本周末2000
20240525利用微博签到数据感知城市动态分析代码抓包教程.md,20240525,利用微博签到数据感知城市动态分析代码抓包教程
20240528第七期茶话会回顾.md,20240528,第七期茶话会回顾
20240602绘制订阅者的全家福留言送5件GISChat定制文化衫.md,20240602,绘制订阅者的全家福留言送5件GISChat定制文化衫
20240604中国地图故事第六辑高考关注度的地区差异.md,20240604,中国地图故事第六辑高考关注度的地区差异
20240607茶话会第8期分享本周末2000.md,20240607,茶话会第8期分享本周末2000
20240701GISChat第9期学术生涯规划与科研经验分享明天7月2日晚2000准时开讲.md,20240701,GISChat第9期学术生涯规划与科研经验分享明天7月2日晚2000准时开讲
20240704第9期茶话会回顾.md,20240704,第9期茶话会回顾
